{
    "Header": {
        "title": "ANTE",
        "paragraph": "Entrepreneurial Excellence for All!"
    },
    "About": {
        "paragraph": "ANTE is developing simple data analytics software that is easy to use to assist entrepreneurs run their businesses more efficiently by reducing cost and increasing profit. The software will be able to help founders estimate customers, how much inventory to acquire and more.",
        "Why": [
            "Customizable",
            "Powerful Analytics",
            "Customer Support"
        ],
        "Why2": [
            "Manage Employees",
            "No Waste Ordering",
            "And more!"
        ]
    },
    "Services": [
        {
            "icon": "fa fa-wordpress",
            "name": "Lorem ipsum dolor",
            "text": "Lorem ipsum dolor sit amet, consectetur adipiscing elit. Duis sed dapibus leo nec ornare diam sedasd commodo nibh ante facilisis bibendum dolor feugiat at."
        },
        {
            "icon": "fa fa-cart-arrow-down",
            "name": "Consectetur adipiscing",
            "text": "Lorem ipsum dolor sit amet, consectetur adipiscing elit. Duis sed dapibus leo nec ornare diam sedasd commodo nibh ante facilisis bibendum dolor feugiat at."
        },
        {
            "icon": "fa fa-cloud-download",
            "name": "Lorem ipsum dolor",
            "text": "Lorem ipsum dolor sit amet, consectetur adipiscing elit. Duis sed dapibus leo nec ornare diam sedasd commodo nibh ante facilisis bibendum dolor feugiat at."
        },
        {
            "icon": "fa fa-language",
            "name": "Consectetur adipiscing",
            "text": "Lorem ipsum dolor sit amet, consectetur adipiscing elit. Duis sed dapibus leo nec ornare diam sedasd commodo nibh ante facilisis bibendum dolor feugiat at."
        },
        {
            "icon": "fa fa-plane",
            "name": "Lorem ipsum dolor",
            "text": "Lorem ipsum dolor sit amet, consectetur adipiscing elit. Duis sed dapibus leo nec ornare diam sedasd commodo nibh ante facilisis bibendum dolor feugiat at."
        },
        {
            "icon": "fa fa-pie-chart",
            "name": "Consectetur adipiscing",
            "text": "Lorem ipsum dolor sit amet, consectetur adipiscing elit. Duis sed dapibus leo nec ornare diam sedasd commodo nibh ante facilisis bibendum dolor feugiat at."
        }
    ],
    "Testimonials": [
        {
            "img": "img/testimonials/01.jpg",
            "text": "\"Fast quick service! Love everything about it!\"",
            "name": "John Doe"
        },
        {
            "img": "img/testimonials/02.jpg",
            "text": "\"I would sacrifice my first born child for Team G.\"",
            "name": "Johnathan Doe"
        },
        {
            "img": "img/testimonials/03.jpg",
            "text": "\"Easy to use! Quick to setup! Absolutely flawless <3\"",
            "name": "John Doe"
        }
    ],
    "Team": [
        {
            "img": "img/team/01.jpg",
            "name": "John Doe",
            "job": "Director"
        },
        {
            "img": "img/team/02.jpg",
            "name": "Mike Doe",
            "job": "Senior Designer"
        },
        {
            "img": "img/team/03.jpg",
            "name": "Jane Doe",
            "job": "Senior Designer"
        },
        {
            "img": "img/team/04.jpg",
            "name": "Karen Doe",
            "job": "Project Manager"
        }
    ],
    "Contact": {
        "address": "201 S. Columbia St. Chapel Hill, NC 27514",
        "phone": "(919) 962-2211",
        "email": "info@cs.unc.edu",
        "facebook": "https://www.facebook.com/unccompsci",
        "twitter": "https://twitter.com/unccs",
        "youtube": "http://www.youtube.com/c/UNCComputerScience"
    },
    "Features": [
        {
            "icon": "fa fa-magic",
            "title": "Powerful Analytics",
            "text": ""
        },
        {
            "icon": "fa fa-bullhorn",
            "title": "Real-Time Numbers",
            "text": ""
        },
        {
            "icon": "fa fa-group",
            "title": "Manage Employees",
            "text": ""
        },
        {
            "icon": "fa fa-comments-o",
            "title": "Customer Support",
            "text": ""
        }
    ]
}